hazard-category,product-category,hazard,product
biological,"meat, egg and dairy products",listeria spp,milk
biological,"meat, egg and dairy products",escherichia coli,chicken breast
biological,"meat, egg and dairy products",enteroviruses,chicken breast
allergens,ices and desserts,pecan nut,dried apricots
foreign bodies,"meat, egg and dairy products",plastic fragment,dried beef meat
foreign bodies,cereals and bakery products,foreign bodies,lamb
biological,"meat, egg and dairy products",listeria monocytogenes,peanuts
other hazard,alcoholic beverages,packaging defect,meat and meat products (other than poultry)
foreign bodies,"meat, egg and dairy products",plastic fragment,milk
biological,prepared dishes and snacks,listeria monocytogenes,ice cream
foreign bodies,"meat, egg and dairy products",plastic fragment,milk
packaging defect,alcoholic beverages,yeasts,beef products
chemical,fruits and vegetables,Aflatoxin,rice crackers
chemical,"soups, broths, sauces and condiments",chemical,biscuits
foreign bodies,prepared dishes and snacks,metal fragment,chocolate eggs
chemical,fats and oils,polycyclic aromatic hydrocarbons,food supplement
allergens,prepared dishes and snacks,soybeans and products thereof,ice cream
biological,"meat, egg and dairy products",escherichia coli,flour
organoleptic aspects,cereals and bakery products,moulds,ham
biological,non-alcoholic beverages,improper conditions,ice cream
biological,"meat, egg and dairy products",listeria monocytogenes,ice cream
allergens,cereals and bakery products,eggs and products thereof,potato chips
foreign bodies,prepared dishes and snacks,metal fragment,chocolate eggs
allergens,confectionery,eggs and products thereof,ham
allergens,prepared dishes and snacks,fish and products thereof,corn
foreign bodies,alcoholic beverages,foreign bodies,chocolate eggs
allergens,cereals and bakery products,eggs and products thereof,coconut juice
biological,"meat, egg and dairy products",listeria monocytogenes,cheese
allergens,"meat, egg and dairy products",soybeans and products thereof,lamb
allergens,cereals and bakery products,peanuts and products thereof,pasta salad
biological,ices and desserts,escherichia coli,chocolate eggs
biological,"meat, egg and dairy products",listeria monocytogenes,ham
allergens,"nuts, nut products and seeds",milk and products thereof,chocolate
chemical,non-alcoholic beverages,other,prepared dishes and snacks
allergens,prepared dishes and snacks,walnut,beef products
foreign bodies,"meat, egg and dairy products",metal fragment,thermal processed pork meat
foreign bodies,prepared dishes and snacks,insects,sesame paste
foreign bodies,"meat, egg and dairy products",metal fragment,ham
biological,seafood,other,jam
allergens,prepared dishes and snacks,cereals containing gluten and products thereof,chocolate mousse
allergens,cereals and bakery products,labelling/misdescription,ham
biological,non-alcoholic beverages,abnormal smell,ice cream
biological,prepared dishes and snacks,other not classified biological hazards,ham
fraud,"meat, egg and dairy products",unauthorised placing on the market,chicken based products
foreign bodies,ices and desserts,plastic fragment,ham
allergens,prepared dishes and snacks,eggs and products thereof,sandwiches
biological,"meat, egg and dairy products",listeria monocytogenes,milk
allergens,cereals and bakery products,cereals containing gluten and products thereof,fruit pies
allergens,ices and desserts,eggs and products thereof,chilli sauce
foreign bodies,fruits and vegetables,metal fragment,ham
foreign bodies,fruits and vegetables,metal fragment,beer
foreign bodies,cereals and bakery products,glass fragment,chocolate eggs
fraud,"meat, egg and dairy products",other,bread and products therefor
foreign bodies,cereals and bakery products,packaging defect,chocolate eggs
foreign bodies,prepared dishes and snacks,rubber fragments,cakes
allergens,"soups, broths, sauces and condiments",cereals containing gluten and products thereof,milk
allergens,cereals and bakery products,peanuts and products thereof,cooking sauce
biological,"meat, egg and dairy products",escherichia coli,ham
chemical,prepared dishes and snacks,other,crackers
foreign bodies,cereals and bakery products,glass fragment,blue cheese
foreign bodies,cereals and bakery products,metal fragment,chocolate eggs
biological,"meat, egg and dairy products",listeria monocytogenes,milk
fraud,cereals and bakery products,labelling/misdescription,ham
biological,ices and desserts,salmonella,sandwiches
biological,ices and desserts,salmonella,ice cream
biological,ices and desserts,salmonella,ice cream
biological,ices and desserts,salmonella,dried coconut
biological,"nuts, nut products and seeds",salmonella,peanuts
fraud,fruits and vegetables,microbiological contamination,ice cream
foreign bodies,"soups, broths, sauces and condiments",rubber fragments,hemp protein powder
fraud,"nuts, nut products and seeds",peanuts and products thereof,ham
other hazard,"meat, egg and dairy products",specified risk material (srm),ground beef
fraud,ices and desserts,peanuts and products thereof,beef products
biological,"meat, egg and dairy products",escherichia coli,chicken based products
biological,"meat, egg and dairy products",salmonella,beef products
biological,fruits and vegetables,salmonella,dietary supplement
allergens,cereals and bakery products,cereals containing gluten and products thereof,rice crackers
allergens,"meat, egg and dairy products",cereals containing gluten and products thereof,thermal processed pork meat
biological,prepared dishes and snacks,salmonella,mushrooms
other hazard,confectionery,other not classified,jellies
foreign bodies,cereals and bakery products,foreign bodies,chicken breast
biological,fruits and vegetables,listeria monocytogenes,milk
allergens,non-alcoholic beverages,soybeans and products thereof,ready to eat - cook meals
chemical,"meat, egg and dairy products",heavy metals,beef products
biological,fruits and vegetables,listeria monocytogenes,pig meat - pork
biological,prepared dishes and snacks,listeria monocytogenes,sunflower seed
allergens,"soups, broths, sauces and condiments",milk and products thereof,ice cream
allergens,prepared dishes and snacks,eggs and products thereof,sunflower seed
biological,"meat, egg and dairy products",escherichia coli,dried beef meat
biological,prepared dishes and snacks,listeria monocytogenes,sausage products
biological,herbs and spices,salmonella,ice cream
allergens,"cocoa and cocoa preparations, coffee and tea",milk and products thereof,mussels
allergens,prepared dishes and snacks,soybeans and products thereof,beef products
foreign bodies,alcoholic beverages,glass fragment,chocolate eggs
allergens,prepared dishes and snacks,milk and products thereof,beef products
allergens,"soups, broths, sauces and condiments",sulphur dioxide and sulphites,rice snack
foreign bodies,ices and desserts,foreign bodies,ice cream
biological,"meat, egg and dairy products",salmonella,chicken based products
biological,"meat, egg and dairy products",listeria monocytogenes,sandwich spread
allergens,"meat, egg and dairy products",milk and products thereof,prepared salads
biological,ices and desserts,salmonella,sunflower seed
biological,"meat, egg and dairy products",listeria monocytogenes,cheese products
biological,"meat, egg and dairy products",listeria monocytogenes,ham
biological,fruits and vegetables,listeria monocytogenes,energy drink
fraud,prepared dishes and snacks,undeclared additive,jellies
biological,cereals and bakery products,salmonella,ice cream
allergens,confectionery,peanuts and products thereof,chocolate
organoleptic aspects,alcoholic beverages,spoilage,cooking sauce
allergens,fruits and vegetables,sulphur dioxide and sulphites,dried apricots
allergens,"meat, egg and dairy products",cereals containing gluten and products thereof,ground beef
foreign bodies,fruits and vegetables,glass fragment,chocolates
biological,"meat, egg and dairy products",escherichia coli,basil pesto sauce
allergens,"meat, egg and dairy products",soybeans and products thereof,thermal processed beef meat
allergens,"meat, egg and dairy products",milk and products thereof,pig meat - pork
biological,fruits and vegetables,salmonella,dried beef meat
allergens,cereals and bakery products,walnut,cookies
fraud,"dietetic foods, food supplements, fortified foods",other,cookies
biological,"nuts, nut products and seeds",salmonella,peanuts
biological,"nuts, nut products and seeds",salmonella,ice cream
biological,"meat, egg and dairy products",listeria monocytogenes,ice cream
biological,"nuts, nut products and seeds",salmonella,chicken based products
biological,"nuts, nut products and seeds",salmonella,potato chips
biological,ices and desserts,salmonella,ice cream
biological,cereals and bakery products,salmonella,ice cream
biological,"nuts, nut products and seeds",salmonella,dietary supplement
allergens,cereals and bakery products,soybeans and products thereof,eggs
allergens,"meat, egg and dairy products",cereals containing gluten and products thereof,beef products
fraud,"dietetic foods, food supplements, fortified foods",other,ice cream
fraud,"meat, egg and dairy products",inspection issues,beef products
foreign bodies,ices and desserts,metal fragment,beef products
biological,fruits and vegetables,bacillus spp.,pancakes
biological,"meat, egg and dairy products",salmonella,chicken based products
biological,"meat, egg and dairy products",staphylococcus,ground beef
allergens,"meat, egg and dairy products",soybeans and products thereof,dried beef meat
allergens,herbs and spices,soybeans and products thereof,crackers
allergens,confectionery,soybeans and products thereof,chocolate eggs
allergens,"soups, broths, sauces and condiments",milk and products thereof,chocolate eggs
biological,"meat, egg and dairy products",listeria monocytogenes,thermal processed beef meat
allergens,"meat, egg and dairy products",cereals containing gluten and products thereof,chicken based products
allergens,ices and desserts,pistachio nut,dietary supplement
chemical,seafood,toxin,sauce
fraud,"meat, egg and dairy products",inspection issues,beef products
biological,"meat, egg and dairy products",listeria monocytogenes,beef products
allergens,prepared dishes and snacks,cereals containing gluten and products thereof,tasty trio condiment selection
other hazard,"meat, egg and dairy products",processing,thermal processed beef meat
allergens,prepared dishes and snacks,sesame seeds and products thereof,ground beef
other hazard,prepared dishes and snacks,improper conditions,beef products
foreign bodies,"meat, egg and dairy products",plastic fragment,coconut juice
allergens,"nuts, nut products and seeds",peanuts and products thereof,biscuits
biological,"meat, egg and dairy products",escherichia coli,ground beef
biological,fruits and vegetables,listeria monocytogenes,ham
biological,"soups, broths, sauces and condiments",listeria monocytogenes,cheese
allergens,"meat, egg and dairy products",peanuts and products thereof,beef products
allergens,"meat, egg and dairy products",peanuts and products thereof,sandwiches
fraud,"meat, egg and dairy products",inspection issues,beef products
allergens,"meat, egg and dairy products",eggs and products thereof,beef products
allergens,cereals and bakery products,peanuts and products thereof,beef products
allergens,"nuts, nut products and seeds",peanuts and products thereof,beer
allergens,cereals and bakery products,nuts,yoghurt
allergens,fruits and vegetables,sulphur dioxide and sulphites,scallops
allergens,fruits and vegetables,sulphur dioxide and sulphites,chocolate wafers
biological,"meat, egg and dairy products",listeria monocytogenes,beef products
allergens,ices and desserts,eggs and products thereof,thermal processed beef meat
biological,"soups, broths, sauces and condiments",salmonella,chia seeds
biological,"meat, egg and dairy products",listeria monocytogenes,beef products
fraud,"meat, egg and dairy products",undeclared additive,beef products
chemical,fats and oils,unauthorised colour sudan 4,organic chlorella powder
allergens,cereals and bakery products,milk and products thereof,garlic powder
biological,seafood,listeria monocytogenes,macadamia nuts
biological,herbs and spices,salmonella,sandwiches
foreign bodies,"soups, broths, sauces and condiments",plastic fragment,juices
allergens,fruits and vegetables,cereals containing gluten and products thereof,rice crackers
biological,"meat, egg and dairy products",salmonella,coconut juice
biological,"meat, egg and dairy products",escherichia coli,cheese
allergens,non-alcoholic beverages,milk and products thereof,salads
fraud,"meat, egg and dairy products",inspection issues,chicken based products
allergens,non-alcoholic beverages,milk and products thereof,chocolate eggs
biological,"meat, egg and dairy products",moulds,ice cream
allergens,non-alcoholic beverages,milk and products thereof,vodka
organoleptic aspects,"meat, egg and dairy products",other,chicken based products
foreign bodies,cereals and bakery products,glass fragment,beef products
biological,seafood,clostridium botulinum,salmon
biological,"meat, egg and dairy products",escherichia coli,dietary supplement
biological,"meat, egg and dairy products",coliforms,coconuts
biological,prepared dishes and snacks,salmonella,sunflower seed
foreign bodies,fruits and vegetables,plastic fragment,sandwiches
fraud,prepared dishes and snacks,inspection issues,beef products
allergens,confectionery,peanuts and products thereof,turkey and turkey preparations
allergens,cereals and bakery products,milk and products thereof,granola
biological,"nuts, nut products and seeds",salmonella,sandwiches
biological,"meat, egg and dairy products",escherichia coli,beef products
biological,cereals and bakery products,salmonella,frozen sausages
biological,herbs and spices,salmonella,pasta salad
biological,"meat, egg and dairy products",listeria monocytogenes,sliced ham
allergens,"nuts, nut products and seeds",cashew,sandwiches
allergens,prepared dishes and snacks,almond,spreads
allergens,fruits and vegetables,sulphur dioxide and sulphites,potato salad
allergens,cereals and bakery products,milk and products thereof,desserts
biological,fruits and vegetables,listeria monocytogenes,broccoli
allergens,cereals and bakery products,milk and products thereof,ice cream
allergens,cereals and bakery products,milk and products thereof,candies
allergens,"dietetic foods, food supplements, fortified foods",soybeans and products thereof,potato salad
foreign bodies,"meat, egg and dairy products",foreign bodies,dried beef meat
allergens,cereals and bakery products,peanuts and products thereof,ice cream
allergens,"meat, egg and dairy products",soybeans and products thereof,jam
allergens,non-alcoholic beverages,soybeans and products thereof,prepared dish
biological,"nuts, nut products and seeds",listeria monocytogenes,peaches
biological,cereals and bakery products,listeria monocytogenes,ice cream
biological,"nuts, nut products and seeds",listeria monocytogenes,sunflower seed
biological,fruits and vegetables,salmonella,sandwiches
biological,"dietetic foods, food supplements, fortified foods",listeria monocytogenes,sandwich spread
allergens,cereals and bakery products,peanuts and products thereof,chicken based products
biological,"cocoa and cocoa preparations, coffee and tea",listeria monocytogenes,sunflower seed
biological,fruits and vegetables,listeria monocytogenes,frozen peas
biological,"nuts, nut products and seeds",salmonella,ice cream
allergens,ices and desserts,soybeans and products thereof,cakes
biological,"meat, egg and dairy products",listeria monocytogenes,beef products
biological,"meat, egg and dairy products",escherichia coli,chicken based products
allergens,prepared dishes and snacks,eggs and products thereof,sauce
fraud,seafood,unauthorised import,chicken based products
allergens,"cocoa and cocoa preparations, coffee and tea",milk and products thereof,dried coconut
biological,prepared dishes and snacks,listeria monocytogenes,sunflower seed
allergens,"dietetic foods, food supplements, fortified foods",eggs and products thereof,scallops
allergens,prepared dishes and snacks,incorrect labeling,broccoli
foreign bodies,fruits and vegetables,plastic fragment,pork sausage
foreign bodies,"meat, egg and dairy products",metal fragment,dried beef meat
fraud,"meat, egg and dairy products",inspection issues,beef products
biological,"nuts, nut products and seeds",salmonella,pistachio nuts
biological,"nuts, nut products and seeds",salmonella,chicken preparations
biological,"nuts, nut products and seeds",salmonella,dietary supplement
allergens,ices and desserts,milk and products thereof,rice crackers
biological,seafood,listeria monocytogenes,fresh mushrooms
foreign bodies,"meat, egg and dairy products",plastic fragment,chicken based products
allergens,"soups, broths, sauces and condiments",eggs and products thereof,dark chocolate coated almonds
other hazard,"meat, egg and dairy products",processing,beef products
allergens,"nuts, nut products and seeds",peanuts and products thereof,ice cream
biological,"soups, broths, sauces and condiments",listeria monocytogenes,cheese
fraud,fruits and vegetables,incorrect use by dates,sauce
allergens,cereals and bakery products,milk and products thereof,thermal processed pork meat
allergens,"cocoa and cocoa preparations, coffee and tea",soybeans and products thereof,chilli sauce
biological,cereals and bakery products,salmonella,pet feed
biological,confectionery,salmonella,ice cream
organoleptic aspects,"soups, broths, sauces and condiments",spoilage,ground beef
biological,cereals and bakery products,salmonella,mushrooms
biological,"cocoa and cocoa preparations, coffee and tea",salmonella,dietary supplement
allergens,"soups, broths, sauces and condiments",milk and products thereof,chicken based products
allergens,"nuts, nut products and seeds",cashew,granola
allergens,fruits and vegetables,nuts,dark chocolate coated almonds
biological,"meat, egg and dairy products",listeria monocytogenes,cheese products
biological,"meat, egg and dairy products",escherichia coli,chicken based products
foreign bodies,"meat, egg and dairy products",metal fragment,thermal processed beef meat
biological,"meat, egg and dairy products",listeria monocytogenes,cheese
allergens,"meat, egg and dairy products",milk and products thereof,chicken based products
biological,fruits and vegetables,listeria monocytogenes,milk
biological,cereals and bakery products,listeria monocytogenes,chicken based products
foreign bodies,"meat, egg and dairy products",foreign bodies,beef products
organoleptic aspects,"soups, broths, sauces and condiments",other not classified chemical hazards,ice cream
chemical,seafood,other,thermal processed pork meat
allergens,"soups, broths, sauces and condiments",peanuts and products thereof,chocolate eggs
biological,ices and desserts,listeria monocytogenes,candies
biological,"meat, egg and dairy products",escherichia coli,granola
biological,"meat, egg and dairy products",escherichia coli,horses
biological,"meat, egg and dairy products",listeria monocytogenes,ice cream
biological,herbs and spices,salmonella,ice cream
biological,"meat, egg and dairy products",escherichia coli,chicken based products
biological,"meat, egg and dairy products",escherichia coli,flavours
biological,prepared dishes and snacks,listeria monocytogenes,ice cream
biological,cereals and bakery products,escherichia coli,pea shoots
allergens,prepared dishes and snacks,soybeans and products thereof,flour
foreign bodies,"meat, egg and dairy products",plastic fragment,dietary supplement
allergens,cereals and bakery products,cereals containing gluten and products thereof,sliced ham
allergens,prepared dishes and snacks,soybeans and products thereof,chilli sauce
allergens,herbs and spices,cereals containing gluten and products thereof,rice snack
foreign bodies,prepared dishes and snacks,rubber fragments,cookies
other hazard,"meat, egg and dairy products",other not classified,potato salad
biological,cereals and bakery products,norovirus,candies
fraud,"meat, egg and dairy products",inspection issues,chicken based products
allergens,cereals and bakery products,peanuts and products thereof,dried mushrooms
allergens,"meat, egg and dairy products",milk and products thereof,broccoli
foreign bodies,cereals and bakery products,glass fragment,melon seeds
allergens,confectionery,peanuts and products thereof,chocolate eggs
allergens,cereals and bakery products,cereals containing gluten and products thereof,flour
allergens,alcoholic beverages,milk and products thereof,ice cream
allergens,"soups, broths, sauces and condiments",mustard and products thereof,ready to eat - cook meals
allergens,"nuts, nut products and seeds",nuts,apple juice
biological,"soups, broths, sauces and condiments",clostridium botulinum,canned crab meat in brine
allergens,confectionery,peanuts and products thereof,soup
allergens,"meat, egg and dairy products",fish and products thereof,salads
allergens,"cocoa and cocoa preparations, coffee and tea",milk and products thereof,food supplement
biological,fruits and vegetables,escherichia coli,salads
biological,seafood,clostridium botulinum,salmon
allergens,cereals and bakery products,almond,milk
allergens,"meat, egg and dairy products",eggs and products thereof,thermal processed pork meat
fraud,prepared dishes and snacks,inspection issues,chicken based products
allergens,prepared dishes and snacks,soybeans and products thereof,pig meat - pork
foreign bodies,"meat, egg and dairy products",glass fragment,thermal processed pork meat
allergens,non-alcoholic beverages,milk and products thereof,jellies
allergens,cereals and bakery products,milk and products thereof,yoghurt
allergens,prepared dishes and snacks,sesame seeds and products thereof,cakes
fraud,"meat, egg and dairy products",misbranding,pig meat - pork
allergens,prepared dishes and snacks,cereals containing gluten and products thereof,spreads
biological,confectionery,salmonella,pork sausage
allergens,"dietetic foods, food supplements, fortified foods",fish and products thereof,"pickled figs, cherries, pears and walnuts"
biological,fruits and vegetables,listeria monocytogenes,cakes
other hazard,cereals and bakery products,insects,beer
allergens,herbs and spices,mustard and products thereof,dark chocolate coated almonds
organoleptic aspects,"meat, egg and dairy products",bad smell / off odor,thermal processed pork meat
other hazard,confectionery,other not classified,beef products
biological,fruits and vegetables,salmonella,ice cream
chemical,fruits and vegetables,heavy metals,rice snack
biological,fruits and vegetables,salmonella,pistachio nuts
allergens,"cocoa and cocoa preparations, coffee and tea",almond,cakes
biological,herbs and spices,salmonella,ice cream
allergens,ices and desserts,walnut,beef products
other hazard,cereals and bakery products,bulging packaging,cakes
biological,"meat, egg and dairy products",escherichia coli,dried beef meat
biological,fruits and vegetables,listeria monocytogenes,ginger powder
allergens,cereals and bakery products,milk and products thereof,dried beef meat
biological,"cocoa and cocoa preparations, coffee and tea",salmonella,beverage
foreign bodies,"meat, egg and dairy products",plastic fragment,dried beef meat
allergens,prepared dishes and snacks,milk and products thereof,jellies
packaging defect,non-alcoholic beverages,bulging packaging,coconut juice
foreign bodies,"meat, egg and dairy products",metal fragment,meat broth
foreign bodies,"dietetic foods, food supplements, fortified foods",plastic fragment,beer
fraud,prepared dishes and snacks,inspection issues,smoked sausage
chemical,"dietetic foods, food supplements, fortified foods",other,beef products
biological,fruits and vegetables,salmonella,french toast
fraud,"meat, egg and dairy products",inspection issues,chicken based products
organoleptic aspects,non-alcoholic beverages,other,beef products
allergens,"meat, egg and dairy products",molluscs and products thereof,salads
fraud,"meat, egg and dairy products",inspection issues,beef products
allergens,alcoholic beverages,sulphur dioxide and sulphites,chocolate eggs
allergens,"meat, egg and dairy products",peanuts and products thereof,beef products
biological,fruits and vegetables,listeria monocytogenes,beef products
biological,"meat, egg and dairy products",salmonella,coconuts
biological,"dietetic foods, food supplements, fortified foods",salmonella,ice cream
allergens,cereals and bakery products,peanuts and products thereof,chilli sauce
biological,"meat, egg and dairy products",listeria monocytogenes,sunflower seed
allergens,cereals and bakery products,cereals containing gluten and products thereof,pancakes
foreign bodies,seafood,metal fragment,ice cream
allergens,seafood,incorrect labeling,sauce
fraud,prepared dishes and snacks,inspection issues,chicken based products
chemical,"cocoa and cocoa preparations, coffee and tea",other not classified chemical hazards,chilli sauce
fraud,non-alcoholic beverages,other,eggs
allergens,fruits and vegetables,milk and products thereof,chocolate eggs
organoleptic aspects,confectionery,spoilage,coconuts
allergens,"cocoa and cocoa preparations, coffee and tea",pistachio nut,coconuts
allergens,fruits and vegetables,sulphur dioxide and sulphites,oysters
biological,"meat, egg and dairy products",salmonella,beer
allergens,prepared dishes and snacks,eggs and products thereof,thermal processed pork meat
allergens,"soups, broths, sauces and condiments",walnut,ice cream
allergens,cereals and bakery products,soybeans and products thereof,dried beef meat
foreign bodies,cereals and bakery products,plastic fragment,frozen hash browns
biological,"meat, egg and dairy products",salmonella,salads
allergens,"meat, egg and dairy products",eggs and products thereof,turkey and turkey preparations
allergens,confectionery,walnut,beef products
foreign bodies,"meat, egg and dairy products",metal fragment,beef products
allergens,"dietetic foods, food supplements, fortified foods",almond,vanilla drink
organoleptic aspects,cereals and bakery products,spoilage,sausage
foreign bodies,cereals and bakery products,stones,sauce
foreign bodies,fruits and vegetables,insects,walnuts
allergens,prepared dishes and snacks,milk and products thereof,beef products
allergens,"meat, egg and dairy products",milk and products thereof,thermal processed pork meat
biological,"meat, egg and dairy products",listeria monocytogenes,thermal processed beef meat
allergens,herbs and spices,milk and products thereof,cookies
allergens,cereals and bakery products,milk and products thereof,milk
fraud,seafood,inspection issues,ground beef
allergens,"meat, egg and dairy products",peanuts and products thereof,sandwiches
allergens,cereals and bakery products,cereals containing gluten and products thereof,snacks (various)
biological,"meat, egg and dairy products",salmonella,thermal processed pork meat
allergens,cereals and bakery products,milk and products thereof,coconuts
foreign bodies,non-alcoholic beverages,glass fragment,coconut juice
biological,fruits and vegetables,listeria monocytogenes,blue cheese
allergens,cereals and bakery products,eggs and products thereof,ice cream
biological,"nuts, nut products and seeds",listeria monocytogenes,fresh mushrooms
biological,"meat, egg and dairy products",listeria monocytogenes,sunflower seed
fraud,"soups, broths, sauces and condiments",milk and products thereof,rice crackers
biological,fruits and vegetables,escherichia coli,milk
allergens,"meat, egg and dairy products",soybeans and products thereof,beef products
allergens,seafood,eggs and products thereof,ham
biological,seafood,listeria monocytogenes,blue cheese
foreign bodies,"soups, broths, sauces and condiments",plastic fragment,pig meat - pork
allergens,"nuts, nut products and seeds",milk and products thereof,sauce
fraud,"meat, egg and dairy products",incorrect use by dates,ice cream
allergens,cereals and bakery products,cereals containing gluten and products thereof,protein bar
allergens,herbs and spices,eggs and products thereof,thermal processed pork meat
foreign bodies,"meat, egg and dairy products",plastic fragment,chicken based products
biological,"meat, egg and dairy products",escherichia coli,ice cream
chemical,non-alcoholic beverages,heavy metals,sunflower seed
allergens,fruits and vegetables,sesame seeds and products thereof,granola
packaging defect,alcoholic beverages,spoilage,chicken based products
allergens,"dietetic foods, food supplements, fortified foods",milk and products thereof,poultry
allergens,cereals and bakery products,milk and products thereof,coconut juice
allergens,fruits and vegetables,sulphur dioxide and sulphites,dried apricots
foreign bodies,"meat, egg and dairy products",other not classified hazards for foreign bodies,chicken based products
allergens,fruits and vegetables,sulphur dioxide and sulphites,sauce
allergens,non-alcoholic beverages,milk and products thereof,potato salad
allergens,confectionery,cereals containing gluten and products thereof,jellies
foreign bodies,"meat, egg and dairy products",bone fragment,chocolate eggs
biological,herbs and spices,salmonella,mitragyna speciosa (kratom)
allergens,"meat, egg and dairy products",milk and products thereof,beef products
allergens,cereals and bakery products,milk and products thereof,ice cream
biological,cereals and bakery products,escherichia coli,blue cheese
allergens,"meat, egg and dairy products",soybeans and products thereof,raw beef meat
fraud,"meat, egg and dairy products",milk and products thereof,pet feed
biological,"meat, egg and dairy products",listeria monocytogenes,chicken based products
biological,"meat, egg and dairy products",listeria monocytogenes,beef products
other hazard,"soups, broths, sauces and condiments",clostridium botulinum,spread
biological,"meat, egg and dairy products",listeria monocytogenes,fresh cheese
allergens,"cocoa and cocoa preparations, coffee and tea",milk and products thereof,peanuts
biological,non-alcoholic beverages,pseudomonas spp.,ice cream
allergens,cereals and bakery products,milk and products thereof,biscuits
biological,"meat, egg and dairy products",listeria monocytogenes,pork sausage
biological,"meat, egg and dairy products",listeria monocytogenes,various cheeses
biological,"meat, egg and dairy products",listeria monocytogenes,prepared salads
allergens,"meat, egg and dairy products",celery and products thereof,chocolate bars
allergens,"nuts, nut products and seeds",soybeans and products thereof,thermal processed pork meat
biological,fruits and vegetables,salmonella,peanuts
allergens,"meat, egg and dairy products",fish and products thereof,pet feed
biological,"nuts, nut products and seeds",salmonella,macadamia nuts
biological,prepared dishes and snacks,listeria monocytogenes,sunflower seed
allergens,"meat, egg and dairy products",eggs and products thereof,thermal processed pork meat
biological,"meat, egg and dairy products",escherichia coli,fresh vegetables
biological,prepared dishes and snacks,listeria monocytogenes,sunflower seed
foreign bodies,prepared dishes and snacks,plastic fragment,prepared salads
foreign bodies,"meat, egg and dairy products",plastic fragment,prepared salads
allergens,"meat, egg and dairy products",milk and products thereof,ice cream
allergens,cereals and bakery products,peanuts and products thereof,prepared salads
biological,seafood,norovirus,food supplement
allergens,non-alcoholic beverages,celery and products thereof,coconut juice
allergens,prepared dishes and snacks,milk and products thereof,chocolate products
fraud,"meat, egg and dairy products",incorrect use by dates,frozen hash browns
allergens,seafood,milk and products thereof,prepared salads
allergens,prepared dishes and snacks,milk and products thereof,coconuts
allergens,prepared dishes and snacks,milk and products thereof,spring rolls
allergens,"nuts, nut products and seeds",brazil nut,frozen peas
allergens,"meat, egg and dairy products",cereals containing gluten and products thereof,ice cream
biological,cereals and bakery products,salmonella,chocolates
biological,seafood,listeria monocytogenes,salmon
allergens,fruits and vegetables,sulphur dioxide and sulphites,dietary supplement
allergens,cereals and bakery products,eggs and products thereof,cakes
biological,fruits and vegetables,listeria monocytogenes,fresh mushrooms
chemical,non-alcoholic beverages,patulin,alfalfa sprouts
fraud,prepared dishes and snacks,incorrect use by dates,instant noodles
packaging defect,prepared dishes and snacks,packaging defect,tahini
biological,"soups, broths, sauces and condiments",moulds,ice cream
allergens,cereals and bakery products,undeclared additive,infant formula
fraud,prepared dishes and snacks,inspection issues,thermal processed beef meat
allergens,seafood,milk and products thereof,noodle
fraud,ices and desserts,milk and products thereof,thermal processed beef meat
biological,herbs and spices,salmonella,pistachio nuts
biological,fruits and vegetables,cyclospora,sunflower seed
allergens,"cocoa and cocoa preparations, coffee and tea",milk and products thereof,noodle
allergens,seafood,soybeans and products thereof,frozen ready to cook chicken
biological,"meat, egg and dairy products",listeria monocytogenes,frozen beef patties
biological,fruits and vegetables,salmonella,pistachio nuts
biological,fruits and vegetables,salmonella,ice cream
allergens,"soups, broths, sauces and condiments",fish and products thereof,ice cream
biological,"meat, egg and dairy products",listeria monocytogenes,salads
allergens,cereals and bakery products,milk and products thereof,sauce
allergens,confectionery,peanuts and products thereof,spreads
biological,"meat, egg and dairy products",escherichia coli,ground beef
foreign bodies,cereals and bakery products,plastic fragment,chicken dippers
allergens,"cocoa and cocoa preparations, coffee and tea",milk and products thereof,ice cream
allergens,prepared dishes and snacks,eggs and products thereof,cookies
biological,"meat, egg and dairy products",listeria monocytogenes,various cheeses
organoleptic aspects,"soups, broths, sauces and condiments",other not classified chemical hazards,sandwiches
chemical,cereals and bakery products,unauthorised substance ethylene oxide,vacuum packed pork ear roll
foreign bodies,cereals and bakery products,plastic fragment,crispbread
biological,non-alcoholic beverages,moulds,spread
biological,confectionery,salmonella,sandwiches
chemical,cereals and bakery products,unauthorised substance ethylene oxide,salmon
biological,fruits and vegetables,escherichia coli,sandwiches
allergens,cereals and bakery products,pecan nut,muffins
allergens,fruits and vegetables,milk and products thereof,prepared dish
allergens,prepared dishes and snacks,cereals containing gluten and products thereof,chocolate eggs
biological,"meat, egg and dairy products",salmonella,flour
chemical,"nuts, nut products and seeds",unauthorised substance ethylene oxide,crispbread
foreign bodies,prepared dishes and snacks,plastic fragment,thermal processed beef meat
allergens,fruits and vegetables,soybeans and products thereof,sandwiches
allergens,fruits and vegetables,eggs and products thereof,desserts
fraud,"meat, egg and dairy products",soybeans and products thereof,tahini
foreign bodies,fruits and vegetables,metal fragment,eggs
biological,fruits and vegetables,clostridium botulinum,canned crab meat in brine
allergens,cereals and bakery products,soybeans and products thereof,sweeteners
allergens,cereals and bakery products,milk and products thereof,dark chocolate coated almonds
allergens,cereals and bakery products,eggs and products thereof,lasagne
foreign bodies,"soups, broths, sauces and condiments",glass fragment,eggs
allergens,cereals and bakery products,milk and products thereof,pasta
chemical,non-alcoholic beverages,unauthorised substance ethylene oxide,pasteurized cow milk cheese
biological,pet feed,listeria monocytogenes,ice cream
allergens,fruits and vegetables,almond,sauce
biological,fruits and vegetables,salmonella,peaches
biological,fruits and vegetables,bacillus spp.,rice snack
allergens,prepared dishes and snacks,sesame seeds and products thereof,biscuits
allergens,"nuts, nut products and seeds",hazelnut,chocolate eggs
allergens,cereals and bakery products,milk and products thereof,sandwich spread
allergens,"soups, broths, sauces and condiments",fish and products thereof,sandwich spread
allergens,fruits and vegetables,cereals containing gluten and products thereof,donuts
allergens,non-alcoholic beverages,milk and products thereof,mushrooms
allergens,cereals and bakery products,sesame seeds and products thereof,prepared dish
biological,"meat, egg and dairy products",listeria monocytogenes,fresh mushrooms
foreign bodies,cereals and bakery products,glass fragment,bakery products
other hazard,fruits and vegetables,packaging defect,ice cream
allergens,fruits and vegetables,soybeans and products thereof,soy products
biological,cereals and bakery products,microbiological contamination,sauce
biological,seafood,escherichia coli,salads
allergens,"dietetic foods, food supplements, fortified foods",milk and products thereof,dressing
allergens,ices and desserts,milk and products thereof,flour
biological,fruits and vegetables,listeria monocytogenes,cookies
allergens,fruits and vegetables,sulphur dioxide and sulphites,pig meat - pork
chemical,"dietetic foods, food supplements, fortified foods",chemical compound (unauthorised),ginseng powder
biological,herbs and spices,salmonella,ice cream
allergens,"cocoa and cocoa preparations, coffee and tea",peanuts and products thereof,ice cream
chemical,ices and desserts,unauthorised substance ethylene oxide,ice cream
allergens,prepared dishes and snacks,milk and products thereof,dietary supplement
fraud,other food product / mixed,sulphur dioxide,crackers
foreign bodies,"meat, egg and dairy products",plastic fragment,chicken based products
biological,prepared dishes and snacks,salmonella,ice cream
fraud,"meat, egg and dairy products",packaging defect,beef products
biological,herbs and spices,listeria monocytogenes,cakes
biological,"meat, egg and dairy products",listeria monocytogenes,sandwiches
chemical,pet feed,other,salads
biological,seafood,listeria monocytogenes,fresh mushrooms
fraud,fruits and vegetables,sulphur dioxide,baby spinach
packaging defect,"soups, broths, sauces and condiments",packaging defect,dark chocolate coated almonds
biological,fruits and vegetables,listeria monocytogenes,various cheeses
allergens,cereals and bakery products,milk and products thereof,ice cream
biological,fruits and vegetables,listeria monocytogenes,sunflower seed
allergens,"cocoa and cocoa preparations, coffee and tea",hazelnut,lettuce
allergens,"soups, broths, sauces and condiments",mustard and products thereof,tahini
biological,"soups, broths, sauces and condiments",salmonella,ice cream
biological,"meat, egg and dairy products",microbiological contamination,thermal processed pork meat
allergens,cereals and bakery products,milk and products thereof,prepared salads
biological,"meat, egg and dairy products",salmonella,allspice
allergens,"soups, broths, sauces and condiments",milk and products thereof,chocolate eggs
fraud,"meat, egg and dairy products",other,pasta
biological,fruits and vegetables,listeria monocytogenes,fresh mushrooms
foreign bodies,fruits and vegetables,plastic fragment,corn
biological,"meat, egg and dairy products",cronobacter spp,tahini
chemical,other food product / mixed,too high content of tetrahydrocannabinol (THC),cbd products
chemical,alcoholic beverages,heavy metals,fresh mushrooms
chemical,fruits and vegetables,other,crispbread
allergens,confectionery,peanuts and products thereof,ice cream
biological,pet feed,salmonella,ice cream
foreign bodies,seafood,glass fragment,frozen hash browns
other hazard,alcoholic beverages,other,jellies
biological,cereals and bakery products,salmonella,pistachio nuts
allergens,fruits and vegetables,sulphur dioxide and sulphites,prepared dishes
allergens,prepared dishes and snacks,mustard and products thereof,pet feed
allergens,"meat, egg and dairy products",fish and products thereof,sauce
biological,"cocoa and cocoa preparations, coffee and tea",salmonella,salmon
biological,"cocoa and cocoa preparations, coffee and tea",salmonella,beef products
biological,"nuts, nut products and seeds",salmonella,marinated chicken meat
allergens,ices and desserts,peanuts and products thereof,ice cream
allergens,cereals and bakery products,cereals containing gluten and products thereof,sauce
biological,"nuts, nut products and seeds",salmonella,ice cream
chemical,"dietetic foods, food supplements, fortified foods","antibiotics, vet drugs",water for infants
biological,cereals and bakery products,escherichia coli,fresh mushrooms
chemical,ices and desserts,unauthorised substance ethylene oxide,sandwiches
allergens,fruits and vegetables,cashew,fruit pies
allergens,"dietetic foods, food supplements, fortified foods",milk and products thereof,lettuce
foreign bodies,cereals and bakery products,plastic fragment,mushrooms
allergens,cereals and bakery products,peanuts and products thereof,flour
allergens,"cocoa and cocoa preparations, coffee and tea",almond,food supplement
